num,masses,lengths
0.0,8.429762,4.005155
3.0,3.919381,1.576965
4.0,3.510175,1.423637
5.0,5.731803,2.629423
7.0,6.218325,2.935966
8.0,3.062938,1.167251
9.0,4.49427,1.955736
10.0,4.812564,2.158953
12.0,3.9338,1.576965
14.0,3.872074,1.535169
16.0,5.725346,2.551617
17.0,3.980918,1.583765
18.0,3.54686,1.389059
19.0,4.340399,1.812069
20.0,4.197464,1.823851
22.0,2.53771,0.991057
24.0,3.015248,0.922315
26.0,2.840763,0.991057
27.0,2.914869,0.991057
28.0,3.357432,1.292164
29.0,3.279228,1.606165
30.0,4.157487,1.695339
31.0,3.219881,1.18441
33.0,2.732745,1.141638
34.0,5.08579,2.247506
35.0,4.874217,2.053155
37.0,4.617183,1.878014
40.0,3.583547,1.305097
41.0,3.039402,1.167251
42.0,4.831419,2.068482
43.0,5.087824,2.181746
48.0,2.840511,0.991057
49.0,3.084673,1.18441
52.0,3.035139,1.072841
54.0,2.736672,1.12255
55.0,4.222016,1.806397
57.0,3.169718,1.259158
58.0,2.863697,0.991057
59.0,2.953652,1.305097
60.0,5.279657,2.311261
61.0,3.191361,1.532043
62.0,2.967068,0.991057
63.0,4.196079,1.802361
64.0,5.427822,2.406025
65.0,2.856337,0.991057
66.0,3.526078,1.223345
67.0,2.863209,0.991057
70.0,3.051671,1.167251
71.0,4.020178,1.593194
72.0,3.967298,1.576965
73.0,3.372042,1.292164
74.0,3.850966,1.560146
75.0,3.977524,1.635966
76.0,3.317446,1.292164
77.0,8.639818,4.254565
78.0,3.984522,1.635966
79.0,3.723059,1.46823
80.0,4.069353,1.629977
81.0,3.933377,1.599709
82.0,3.423979,1.362856
83.0,6.56556,2.996323
84.0,4.05133,1.650134
85.0,4.798758,1.987387
86.0,4.269221,1.763022
87.0,4.124858,1.782244
88.0,4.155809,1.712735
89.0,3.745461,1.54265
90.0,6.982128,3.189358
91.0,3.733527,1.46823
92.0,2.853666,0.840608
93.0,4.045696,1.650134
94.0,3.984247,1.635966
95.0,3.503375,1.423637
96.0,2.83949,0.991057
98.0,3.700422,1.455663
99.0,3.702346,1.615088
101.0,6.449497,3.003287
102.0,6.917429,3.193123
105.0,2.885674,0.991057
106.0,3.88466,1.532043
108.0,3.092585,0.991057
109.0,5.663187,2.480219
110.0,3.421115,1.362856
112.0,2.845023,0.991057
113.0,3.759999,1.54265
114.0,2.934061,0.840608
117.0,5.184903,2.32793
118.0,2.853253,0.991057
121.0,6.107201,2.783454
123.0,3.457957,1.334971
125.0,7.830652,3.601115
126.0,4.240146,1.752138
128.0,5.627594,2.349797
129.0,5.436012,2.292379
131.0,4.510963,1.861197
132.0,4.01234,1.635966
133.0,2.538695,0.991057
137.0,3.413125,1.292164
138.0,5.349905,2.29051
140.0,7.723867,3.725157
141.0,2.730936,1.12255
143.0,4.885382,2.202062
144.0,5.032344,2.212064
145.0,3.866566,1.446505
146.0,4.363339,1.812069
147.0,6.116656,2.805765
148.0,4.882229,2.145798
149.0,5.362536,2.332264
150.0,3.228927,1.18441
152.0,5.006313,2.047609
153.0,2.893392,0.991057
157.0,3.041248,0.991057
158.0,7.295837,3.495549
159.0,6.399758,2.799637
160.0,4.171684,1.712735
161.0,4.327005,1.712735
164.0,3.213351,1.18441
165.0,5.292441,2.246645
166.0,5.880702,2.510376
167.0,3.940599,1.635966
168.0,3.963325,1.674933
169.0,5.83683,2.524865
170.0,4.45905,1.970475
171.0,4.542112,1.771837
173.0,5.641758,2.512761
174.0,4.901434,2.167517
175.0,3.722274,1.898046
176.0,3.011281,1.12255
178.0,4.170789,1.854645
181.0,4.404952,1.788238
182.0,4.678855,2.235296
183.0,6.784369,3.227657
184.0,5.679233,2.329144
186.0,3.900639,1.54265
187.0,6.670037,3.156761
188.0,4.844692,1.977091
189.0,3.926594,1.535169
192.0,4.251081,1.729489
193.0,3.492272,1.423637
194.0,3.03679,1.12255
195.0,3.941392,1.621321
196.0,3.808441,1.669429
197.0,6.97615,3.261883
198.0,4.386512,2.015235
200.0,4.016596,1.669429
202.0,2.841481,0.991057
205.0,3.631681,1.446505
206.0,4.109593,1.663886
207.0,3.532244,1.532043
208.0,2.887474,0.991057
210.0,5.14207,2.236799
211.0,4.799188,2.004097
214.0,2.846863,0.991057
216.0,4.997619,2.047609
217.0,3.596005,1.389059
218.0,2.578706,0.991057
220.0,3.053779,1.167251
221.0,4.953594,2.371902
222.0,3.276213,1.18441
223.0,3.768276,1.334971
224.0,2.563136,0.991057
225.0,2.550425,0.991057
226.0,3.717568,1.497233
229.0,4.301823,1.707722
230.0,4.755394,2.010224
231.0,7.262502,3.332166
233.0,3.802825,1.54265
234.0,3.114583,1.433229
237.0,2.660249,0.991057
238.0,2.928589,0.991057
239.0,2.542482,0.991057
240.0,5.739487,2.52889
241.0,5.365807,2.272879
242.0,2.846363,0.991057
243.0,4.229409,2.172025
245.0,3.47647,1.513352
246.0,3.412819,1.52442
248.0,4.979922,2.391093
249.0,3.236103,1.259158
250.0,3.025457,0.922315
251.0,4.424385,1.917958
252.0,3.990794,1.615088
253.0,3.560765,1.389059
257.0,4.376168,1.788238
258.0,4.481421,1.959765
259.0,3.85871,1.560146
261.0,2.889801,0.991057
263.0,5.216467,2.157165
265.0,3.223038,1.389059
266.0,3.317075,1.292164
269.0,5.235591,2.199475
270.0,6.57578,2.988825
273.0,5.159219,2.282177
278.0,3.446942,1.292164
279.0,3.942208,1.641909
282.0,5.968264,2.717227
283.0,3.020357,1.167251
284.0,3.589109,1.476945
285.0,2.543236,0.991057
287.0,4.422022,1.788238
288.0,3.803167,1.516615
289.0,3.806046,1.516615
293.0,4.433594,1.929736
295.0,3.928312,1.576965
298.0,3.241462,1.072841
299.0,2.736751,0.991057
300.0,3.873718,1.535169
303.0,3.525714,1.362856
305.0,3.759023,1.476945
307.0,4.559456,2.093449
310.0,7.008162,3.241368
311.0,2.557264,0.991057
312.0,6.565277,2.924021
315.0,3.016185,1.167251
317.0,3.46416,1.362856
319.0,4.378802,1.784003
320.0,4.111019,1.663886
321.0,3.582732,1.362856
322.0,3.429,1.802361
323.0,3.328454,1.292164
324.0,3.839871,1.238548
326.0,5.236409,2.305656
328.0,4.910712,2.089268
330.0,2.955475,0.991057
331.0,3.91217,1.599709
334.0,4.666147,2.107439
335.0,5.04701,2.048969
336.0,4.260034,1.54265
338.0,3.116561,1.167251
339.0,4.28837,2.044334
340.0,3.516739,1.362856
341.0,5.256292,2.380211
342.0,3.038444,1.167251
344.0,4.229852,1.871713
345.0,4.50672,2.127603
347.0,4.884076,2.028114
348.0,3.725939,1.48544
349.0,5.075079,2.117873
350.0,5.126922,2.257947
351.0,5.418654,2.510376
353.0,4.670912,1.944155
355.0,3.616352,1.922351
356.0,4.008272,1.635966
357.0,5.2922,2.30128
358.0,5.87626,2.492564
360.0,2.859775,0.991057
362.0,3.910889,1.641909
363.0,5.635645,2.406444
366.0,5.465131,2.426136
368.0,5.502697,2.38837
370.0,5.264771,2.442733
371.0,5.239228,2.318546
372.0,3.215433,0.991057
374.0,7.420613,3.477196
375.0,3.856305,1.516615
377.0,3.210012,1.18441
378.0,5.18187,2.028114
379.0,2.556708,0.991057
380.0,2.630867,0.991057
381.0,2.630867,0.991057
382.0,5.675659,2.541299
383.0,5.195595,2.147322
385.0,5.803682,2.527807
386.0,4.476471,1.79415
390.0,2.90678,0.991057
392.0,2.899738,0.991057
393.0,3.546912,1.362856
394.0,4.173299,1.740948
395.0,4.159939,1.629977
396.0,6.732149,3.10733
398.0,4.784973,1.97322
401.0,3.039614,0.922315
403.0,4.170232,1.54265
408.0,2.942567,0.991057
410.0,5.972044,2.554384
411.0,5.191884,2.482072
412.0,3.647667,1.389059
413.0,3.083859,1.072841
414.0,5.092976,2.397766
415.0,4.217911,1.84368
417.0,5.036323,2.243101
418.0,3.916693,1.786495
419.0,5.647224,2.316787
420.0,2.718266,1.12255
421.0,3.481657,1.362856
422.0,3.694767,1.446505
424.0,3.824938,1.46823
426.0,3.822174,1.54265
427.0,5.727819,2.835011
428.0,4.03231,1.615088
430.0,3.192606,1.12255
431.0,5.502071,2.431182
434.0,3.585966,1.423637
436.0,4.340351,2.069765
438.0,6.658969,3.029164
439.0,2.842329,0.991057
440.0,3.914983,1.560146
441.0,6.38669,3.08967
442.0,7.773079,3.521313
443.0,5.273568,2.461774
445.0,3.232197,1.273096
447.0,2.556075,0.991057
448.0,5.213998,2.146561
450.0,4.344343,1.812069
452.0,3.177402,1.18441
453.0,4.747069,2.266997
454.0,4.529498,1.868243
455.0,4.036425,1.635966
456.0,5.107393,2.270925
457.0,2.541023,0.991057
458.0,5.176432,2.302031
459.0,6.115875,2.869982
460.0,5.17446,2.677198
462.0,5.646928,2.526085
463.0,4.557856,2.372993
464.0,3.904056,1.782244
465.0,2.850954,0.991057
467.0,2.841335,1.223345
468.0,2.87499,0.991057
469.0,2.552989,0.991057
472.0,3.203476,1.167251
474.0,6.336552,3.026643
475.0,4.421212,1.784003
476.0,4.591299,1.910368
480.0,4.018672,1.621321
483.0,2.624136,0.991057
484.0,3.401538,1.292164
486.0,3.045641,0.991057
487.0,4.513571,1.962578
489.0,4.800775,1.888155
490.0,5.331368,2.442733
491.0,6.848459,3.077421
492.0,2.542767,0.991057
494.0,6.820612,3.135409
495.0,3.339694,1.334971
496.0,3.441664,1.292164
497.0,3.948287,1.599709
499.0,5.925905,2.540991
500.0,2.586709,0.991057
502.0,5.246137,2.542909
503.0,5.909392,2.609497
504.0,4.672898,1.900758
505.0,3.653024,1.446505
506.0,3.640564,1.52442
507.0,4.696123,1.881428
509.0,5.991009,2.640479
510.0,2.844035,0.991057
511.0,4.895479,2.068482
513.0,5.022332,2.430948
514.0,4.102881,1.655887
516.0,3.2612,1.334971
517.0,4.084208,1.650134
518.0,2.736454,0.991057
519.0,5.279297,2.449048
521.0,7.201438,3.453039
522.0,5.088994,2.177628
523.0,5.933837,2.594451
524.0,4.271879,1.871713
525.0,3.841557,1.886771
527.0,4.647891,1.959765
528.0,4.307674,1.747535
529.0,3.567704,1.362856
530.0,3.654015,1.389059
531.0,2.838653,0.991057
532.0,6.074767,2.827686
533.0,3.405359,1.399496
534.0,3.483088,1.705623
535.0,5.569294,2.245185
537.0,8.149068,3.929825
538.0,3.424278,1.739004
539.0,4.829029,2.182744
540.0,3.971419,1.550005
541.0,2.561582,0.991057
543.0,3.513974,1.423637
544.0,5.680286,2.463919
545.0,2.553409,0.991057
546.0,4.813317,2.031933
548.0,2.546713,0.991057
550.0,5.440506,2.480368
551.0,2.840533,1.223345
552.0,3.049746,0.922315
554.0,6.015478,2.831823
555.0,5.018868,2.083286
556.0,2.547339,0.991057
557.0,4.820734,2.024674
559.0,5.656069,2.473632
560.0,5.515491,2.434989
561.0,4.17599,1.615088
562.0,3.279854,1.334971
564.0,2.540799,0.991057
565.0,5.37002,2.257115
566.0,4.825038,2.160744
567.0,3.923279,1.599709
568.0,5.152618,2.180039
569.0,3.449427,1.292164
570.0,3.441819,1.292164
571.0,6.770864,3.246176
572.0,6.344595,2.730377
573.0,6.292491,2.841521
574.0,3.10019,1.12255
575.0,3.308876,1.729489
576.0,3.717154,1.567213
577.0,4.742361,2.001541
578.0,3.306503,1.259158
579.0,3.820079,1.455663
580.0,2.905885,0.991057
581.0,6.866344,3.177254
583.0,4.432071,1.79656
585.0,3.51979,1.423637
586.0,5.870303,2.514071
587.0,3.840501,1.54265
588.0,5.080708,2.238296
589.0,5.896524,2.799057
590.0,4.240974,1.792407
591.0,3.971675,1.446505
592.0,7.996433,3.835193
593.0,4.949342,2.108272
594.0,4.190543,1.695339
595.0,3.253584,1.18441
596.0,4.988885,2.028114
597.0,2.53959,0.991057
598.0,5.572881,2.351428
599.0,7.059055,3.224796
600.0,3.203049,1.072841
602.0,7.872504,3.693768
604.0,3.236986,1.072841
605.0,2.875536,0.991057
606.0,2.863505,0.991057
607.0,4.402819,1.907195
608.0,2.865174,1.223345
609.0,3.862121,1.59046
610.0,3.191263,1.12255
611.0,2.841868,0.991057
612.0,3.905943,1.734286
613.0,2.869113,0.991057
614.0,6.315684,2.819265
615.0,3.561769,1.583765
616.0,3.920449,1.863263
617.0,4.042713,1.615088
618.0,8.204281,3.912401
619.0,3.15071,1.259158
620.0,3.511333,1.362856
622.0,4.178955,1.922351
623.0,3.330643,1.273096
625.0,3.021598,0.840608
626.0,2.859396,0.991057
627.0,6.570749,3.09666
628.0,4.005193,1.745621
630.0,5.2343,2.40888
631.0,2.961078,0.991057
632.0,3.918433,1.560146
633.0,4.763549,2.04569
635.0,6.02444,2.68578
637.0,2.863723,0.840608
638.0,2.867958,0.991057
640.0,4.330701,1.945863
641.0,5.959939,2.732769
642.0,5.828452,2.5318
643.0,6.014697,2.67429
645.0,3.368077,1.373871
646.0,3.519124,1.362856
648.0,2.839003,1.141638
649.0,4.082049,1.615088
650.0,4.325125,1.792407
652.0,3.770667,1.54265
653.0,3.761374,1.641909
654.0,2.542519,0.991057
655.0,3.511876,1.072841
656.0,5.686482,2.429826
659.0,2.733659,1.12255
660.0,2.74335,0.991057
661.0,3.537746,1.399496
662.0,3.646849,1.560146
663.0,6.591765,3.037581
665.0,4.022468,1.802361
667.0,7.135613,3.358215
670.0,3.536414,1.423637
671.0,6.209911,2.745656
676.0,2.998621,1.305097
677.0,5.139166,2.092222
678.0,5.185548,2.212064
679.0,4.512246,1.821565
680.0,3.193277,1.12255
681.0,5.529293,2.350469
683.0,3.409934,1.334971
684.0,3.020485,0.991057
685.0,3.413023,1.292164
687.0,5.067048,2.23767
689.0,4.317513,2.056761
690.0,6.063085,2.750915
691.0,4.972897,2.084167
693.0,4.187088,1.776191
695.0,3.213065,1.273096
696.0,2.553519,0.991057
697.0,3.278712,1.334971
698.0,4.808753,2.030533
699.0,4.015431,1.79656
700.0,4.971154,2.158953
701.0,7.024138,3.289138
702.0,2.921896,0.991057
703.0,5.774309,2.688214
706.0,4.446252,1.876598
707.0,5.018653,2.168539
708.0,3.33591,1.259158
709.0,4.840143,2.13945
710.0,4.475532,1.816017
711.0,3.581461,1.362856
712.0,5.200606,2.288641
713.0,3.751187,1.532043
714.0,3.485487,1.292164
715.0,5.410226,2.352772
717.0,5.156201,2.366844
718.0,5.509797,2.361452
721.0,5.325875,2.274018
722.0,5.508128,2.434431
724.0,5.415822,2.339001
725.0,2.973629,0.991057
726.0,5.640864,2.57362
727.0,6.482619,2.774227
728.0,3.045897,1.223345
729.0,4.426525,1.985167
730.0,2.552381,0.991057
731.0,4.341478,1.842147
732.0,3.228195,1.167251
734.0,5.680599,2.471894
735.0,4.397947,1.914839
736.0,4.251711,1.771837
740.0,2.932842,0.991057
741.0,2.87651,1.223345
742.0,6.651653,2.846633
744.0,4.532509,1.891471
749.0,4.111763,1.700496
751.0,4.563977,1.863263
752.0,6.231698,2.756034
753.0,3.286813,1.373871
754.0,4.034247,1.497233
756.0,3.939831,2.046651
757.0,4.085262,1.729489
758.0,3.365165,1.399496
759.0,2.85633,0.991057
761.0,6.184781,2.868646
762.0,5.04902,2.121789
763.0,3.187667,1.423637
764.0,3.672812,1.761175
765.0,2.839967,0.991057
766.0,3.366234,1.292164
767.0,6.857914,3.162254
768.0,2.8415,0.991057
769.0,2.846218,0.991057
770.0,3.526242,1.505391
771.0,2.964004,0.840608
772.0,6.333574,2.872115
773.0,3.95529,2.024674
774.0,2.538046,0.991057
777.0,2.864842,0.991057
779.0,4.430462,2.065348
780.0,7.552142,3.612426
783.0,5.635864,2.425572
784.0,4.345788,1.847373
785.0,8.14456,3.91014
786.0,3.283483,1.334971
788.0,4.773828,2.03866
789.0,3.293106,1.273096
790.0,2.936013,1.12255
791.0,3.677181,1.661564
792.0,3.701545,1.693179
793.0,4.600191,2.267574
794.0,4.998927,1.959765
796.0,6.206618,2.508779
797.0,3.811976,1.46823
798.0,3.946938,1.599709
800.0,3.241577,1.259158
801.0,6.53723,3.013908
803.0,3.710664,1.446505
804.0,7.900217,3.747643
805.0,4.51006,1.914839
806.0,4.194081,1.677185
807.0,3.88275,1.959765
808.0,2.844202,0.991057
809.0,4.567877,1.852516
811.0,4.356447,1.954067
813.0,2.541821,0.991057
814.0,2.544477,0.991057
816.0,3.108647,1.238548
817.0,7.99013,3.787273
818.0,2.610131,0.991057
819.0,3.196693,1.18441
820.0,2.844282,0.991057
821.0,3.511535,1.292164
822.0,3.694647,1.305097
823.0,5.091799,2.179333
824.0,3.694268,1.567213
825.0,3.106406,1.18441
826.0,4.79794,2.005154
827.0,5.641039,2.207283
828.0,2.855308,0.991057
829.0,3.550335,1.583765
832.0,4.040436,1.669429
833.0,4.768196,2.143177
834.0,4.997419,2.397591
835.0,4.646713,2.272542
836.0,5.256743,2.429591
837.0,4.870253,2.369698
840.0,4.23378,1.816017
841.0,5.351072,2.436721
844.0,6.676776,2.964655
845.0,4.146293,2.215219
846.0,5.94498,2.662347
848.0,6.237295,2.875483
849.0,2.848227,1.223345
851.0,3.513827,1.292164
853.0,4.186914,1.635966
854.0,3.220428,1.273096
856.0,4.701873,1.941202
857.0,6.048759,2.642978
858.0,3.451094,1.292164
859.0,6.799696,3.212569
861.0,3.321438,1.273096
863.0,4.718554,1.919264
864.0,2.54698,0.991057
865.0,4.28741,1.816017
871.0,7.344187,3.457551
872.0,5.905342,2.623278
874.0,3.741949,1.455663
877.0,3.442949,1.292164
878.0,4.968962,2.148393
879.0,7.168585,3.424271
880.0,3.92305,1.606165
881.0,4.429903,1.907195
882.0,4.187731,1.756667
883.0,4.452407,2.024674
884.0,3.217545,1.305097
885.0,5.462515,2.287308
886.0,4.284631,1.752138
887.0,6.865596,3.168567
889.0,4.686261,1.951181
890.0,4.941369,2.188484
891.0,5.054991,2.376522
892.0,4.232154,1.93875
893.0,3.192113,1.12255
894.0,4.875375,2.248958
895.0,2.857825,0.991057
896.0,5.661426,2.49208
897.0,2.846483,0.991057
898.0,4.717012,2.27449
899.0,3.550166,1.362856
900.0,3.870727,1.516615
901.0,4.421337,1.82545
903.0,3.402684,1.346707
904.0,3.854163,1.583765
905.0,4.417041,2.259613
906.0,5.561787,2.43039
907.0,3.263938,1.273096
908.0,3.657863,1.532043
909.0,3.496146,1.362856
910.0,3.548365,1.362856
911.0,2.938229,0.991057
912.0,5.782821,2.379841
913.0,6.355689,2.949474
914.0,2.714875,1.12255
915.0,3.237614,1.399496
916.0,4.096611,1.650134
918.0,4.184304,1.767439
919.0,3.371411,1.334971
920.0,6.074144,2.656793
921.0,4.357137,1.773639
922.0,3.138289,1.18441
924.0,3.452405,1.362856
925.0,2.548636,0.991057
926.0,2.549315,0.991057
927.0,4.729407,1.967696
928.0,7.452726,3.261483
929.0,4.534256,1.873146
930.0,5.032419,2.103379
931.0,3.621816,1.476945
932.0,4.853874,2.252455
933.0,4.581548,1.922351
934.0,3.540638,1.574126
936.0,4.633201,1.878014
937.0,4.255639,1.851014
939.0,2.755453,1.12255
941.0,3.456328,1.532043
942.0,3.871334,1.641909
945.0,2.893316,0.840608
947.0,4.205548,1.599709
948.0,4.406477,1.922351
949.0,2.852387,0.922315
950.0,2.731701,1.12255
951.0,5.355798,2.229251
952.0,4.969167,2.43649
953.0,3.756291,1.223345
954.0,2.868102,0.991057
955.0,4.397022,1.859703
956.0,6.710039,3.126507
957.0,3.581097,1.423637
960.0,4.045319,1.767439
961.0,5.475829,2.678862
964.0,5.846466,2.593248
965.0,5.200957,2.190157
966.0,4.615564,2.246901
967.0,4.649706,2.027112
968.0,6.465766,2.926063
969.0,6.848767,3.294724
970.0,5.089863,2.548961
972.0,6.552969,3.111625
975.0,2.571998,0.991057
976.0,6.58944,2.950153
978.0,2.849452,0.991057
979.0,5.328551,2.214944
983.0,4.315104,1.896139
985.0,3.282671,1.305097
986.0,4.308862,1.788238
987.0,4.9596,2.110273
989.0,3.912107,1.583765
991.0,5.215929,2.282177
997.0,6.963154,3.221789
998.0,3.557171,1.389059
999.0,5.96215,2.635584
1000.0,3.316933,1.167251
1004.0,3.564474,1.423637
1006.0,6.343695,2.941409
1007.0,2.942042,1.12255
1008.0,5.289922,2.428066
1011.0,5.124469,2.465689
1012.0,4.398641,1.838409
1013.0,3.163418,1.259158
1014.0,4.080588,1.700496
1016.0,5.801733,2.619316
1017.0,2.872826,0.991057
1018.0,4.829275,2.15536
1019.0,5.89316,2.779655
1020.0,5.613836,2.451635
1021.0,3.2546,1.334971
1022.0,3.962186,1.52442
1023.0,3.331933,1.433229
1024.0,3.524535,1.423637
1025.0,2.556743,1.223345
1026.0,8.441716,4.064726
1027.0,3.469633,1.373871
1028.0,3.455044,1.362856
1030.0,3.31804,1.273096
1031.0,3.7663,1.583765
1033.0,4.395414,1.952861
1035.0,5.268557,2.48172
1036.0,4.279038,1.615088
1037.0,5.009316,2.359398
1038.0,5.981503,2.736019
1040.0,2.877894,0.991057
1041.0,4.30016,1.682561
1043.0,6.220798,2.742638
1044.0,2.943891,1.305097
1045.0,4.627997,1.869687
1046.0,3.357061,1.680337
1048.0,2.850562,0.991057
1049.0,6.056469,2.629568
1050.0,5.97537,2.584834
1053.0,8.347684,4.01915
1055.0,3.412749,1.362856
1056.0,3.634709,1.362856
1057.0,6.60059,3.142045
1059.0,5.548158,2.422819
1060.0,2.540057,0.991057
1061.0,3.31888,1.292164
1062.0,6.508838,2.697799
1063.0,5.423888,2.394909
1064.0,4.806243,2.068482
1066.0,4.221442,1.969314
1067.0,4.320729,1.891471
1068.0,4.35474,1.788238
1069.0,3.082274,0.991057
1070.0,6.022831,2.713041
1071.0,2.84417,0.991057
1072.0,5.68718,2.553661
1073.0,2.840328,0.991057
1074.0,4.124336,2.006653
1075.0,2.845327,0.991057
1077.0,3.130075,1.18441
1079.0,2.851833,0.991057
1080.0,4.078424,1.54265
1081.0,5.935636,2.62317
1082.0,4.51713,1.864724
1083.0,6.862906,3.057743
1084.0,2.908635,0.991057
1086.0,2.842205,1.223345
1087.0,4.442586,2.277224
1088.0,4.025705,1.615088
1089.0,5.982936,2.704513
1091.0,3.561422,1.423637
1092.0,5.496162,2.313554
1093.0,3.686501,1.52442
1094.0,2.537946,0.991057
1095.0,2.945232,0.840608
1096.0,5.964082,2.516437
1097.0,3.223748,1.167251
1098.0,7.180334,3.290503
1099.0,3.059608,1.072841
1100.0,4.033417,1.615088
1101.0,3.954119,1.54265
1103.0,3.90961,1.621321
1104.0,5.112189,2.0363
1105.0,4.770491,2.252455
1106.0,4.212962,1.838409
1107.0,2.921044,0.922315
1108.0,3.982307,1.615088
1109.0,3.628024,1.505391
1110.0,2.5425,0.991057
1111.0,6.188985,2.951329
1112.0,3.603066,1.305097
1113.0,3.527818,1.423637
1114.0,4.168859,1.712735
1115.0,4.483775,2.010224
1116.0,5.02591,2.088397
1118.0,2.547747,0.991057
1119.0,4.70043,1.941202
1122.0,3.328384,1.292164
1123.0,4.117397,1.655887
1124.0,3.09547,1.167251
1125.0,2.617583,0.991057
1126.0,2.542871,0.991057
1127.0,3.773875,1.54265
1131.0,2.600705,0.991057
1132.0,4.276068,1.838409
1133.0,3.728179,1.516615
1137.0,3.279959,1.072841
1138.0,3.419084,1.362856
1140.0,2.549343,0.991057
1141.0,4.372288,1.798263
1142.0,3.821579,1.621321
1143.0,3.607833,1.516615
1145.0,2.975831,1.292164
1146.0,3.379187,1.334971
1147.0,4.448104,1.817668
1148.0,4.032957,1.599709
1149.0,3.940204,1.641909
1151.0,4.83264,2.019772
1152.0,3.646675,1.373871
1153.0,6.364054,2.800724
1154.0,5.683058,2.451635
1155.0,4.026322,1.593194
1156.0,3.83283,1.532043
1157.0,4.128088,1.802361
1161.0,4.104769,1.655887
1162.0,6.541933,2.70307
1164.0,2.562818,0.991057
1166.0,4.354903,1.838409
1167.0,7.364913,3.370969
1168.0,4.462363,1.806397
1169.0,7.090183,3.272934
1170.0,4.041999,1.641909
1171.0,2.850412,0.991057
1172.0,3.107674,1.12255
1173.0,4.015806,1.71772
1174.0,4.193923,1.71772
1176.0,4.07209,1.593194
1179.0,5.432148,2.263952
1181.0,4.528918,1.830858
1182.0,3.901122,1.497233
1186.0,4.688285,2.130319
1189.0,2.846375,0.991057
1190.0,6.077549,2.766204
1192.0,2.56759,0.991057
1196.0,3.290165,1.346707
1197.0,4.858783,2.309472
1198.0,2.86447,0.991057
1199.0,3.698486,1.305097
1200.0,2.844909,0.991057
1201.0,3.330851,1.292164
1202.0,4.170769,1.745621
1204.0,3.700927,1.52442
1205.0,3.927627,1.54265
1207.0,3.952987,1.635966
1209.0,3.288875,1.305097
1210.0,5.948635,2.662949
1211.0,6.48145,2.870762
1212.0,4.235149,1.752138
1213.0,7.29157,3.459153
1217.0,3.79523,1.516615
1218.0,3.804259,1.46823
1220.0,4.110645,1.635966
1222.0,3.9917,1.46823
1223.0,3.385672,1.433229
1224.0,2.95493,1.12255
1225.0,3.23347,1.259158
1227.0,2.56342,0.991057
1230.0,4.398741,2.253304
1231.0,4.329917,1.763022
1232.0,2.879032,0.991057
1234.0,4.674364,1.919264
1235.0,4.751431,1.956917
1236.0,2.863838,0.991057
1239.0,2.606127,0.991057
1240.0,4.772836,2.211408
1241.0,6.222405,2.654509
1242.0,5.990436,2.677463
1243.0,2.765498,0.991057
1244.0,4.300539,1.763022
1245.0,4.737493,2.001541
1246.0,4.440875,1.777975
1247.0,3.513946,1.550005
1249.0,3.249162,1.167251
1250.0,3.283449,1.612489
1251.0,4.16633,1.669429
1252.0,4.41017,1.907195
1253.0,2.857923,0.991057
1254.0,3.83602,1.54265
1255.0,4.896759,2.19251
1257.0,7.436542,3.358442
1258.0,3.102816,1.18441
1259.0,2.878051,0.991057
1260.0,3.144048,1.433229
1261.0,3.234515,1.167251
1263.0,3.350352,1.334971
1264.0,3.533911,1.362856
1265.0,3.911386,1.560146
1266.0,2.838793,0.991057
1268.0,4.009819,1.635966
1273.0,4.269271,1.700496
1275.0,6.455753,3.155219
1276.0,3.565103,1.423637
1279.0,6.542192,2.939489
1282.0,2.883367,0.991057
1283.0,3.326939,0.840608
1284.0,4.033311,1.560146
1285.0,3.124359,0.991057
1286.0,3.559536,1.362856
1287.0,5.724501,2.686001
1288.0,4.17954,1.724667
1290.0,4.083652,1.669429
1291.0,3.497892,1.46458
1292.0,5.570137,2.426536
1293.0,5.042239,2.064052
1294.0,3.016988,1.167251
1297.0,2.838844,0.922315
1299.0,3.916063,1.59046
1300.0,3.39434,1.399496
1301.0,3.358542,1.167251
1302.0,5.616283,2.603706
1303.0,3.913911,1.59046
1304.0,5.37995,2.478303
1305.0,2.838788,0.991057
1306.0,3.372426,1.167251
1308.0,4.280911,1.700496
1310.0,2.871966,0.991057
1312.0,3.992504,1.635966
1313.0,4.030692,1.505391
1314.0,4.260248,1.982496
1315.0,5.216231,2.279474
1316.0,4.388305,1.784003
1317.0,3.998723,1.674933
1318.0,7.460414,3.533702
1319.0,5.78242,2.48412
1320.0,3.21992,1.259158
1321.0,2.569709,0.991057
1322.0,2.723481,0.991057
1324.0,5.240528,2.135691
1326.0,3.668641,1.446505
1327.0,2.845416,0.991057
1328.0,6.909187,2.931256
1330.0,2.600123,0.991057
1331.0,4.086541,1.629977
1334.0,2.859044,0.991057
1336.0,4.920009,2.050873
1337.0,3.953844,1.972082
1338.0,4.71042,2.092587
1339.0,3.947906,1.606165
1341.0,4.715981,1.998955
1345.0,3.845274,1.389059
1349.0,5.635412,2.382798
1350.0,5.35911,2.452172
1355.0,3.064739,1.167251
1357.0,3.004463,0.991057
1358.0,3.564423,1.223345
1360.0,5.546574,2.560403
1363.0,3.573077,1.362856
1364.0,2.889636,0.991057
1366.0,2.574246,0.991057
1367.0,4.2799,1.777975
1370.0,3.674044,1.455663
1371.0,4.857619,2.011266
1372.0,2.875276,0.991057
1374.0,3.043896,1.167251
1375.0,4.666439,1.900758
1376.0,4.484848,1.829278
1377.0,4.371452,1.93576
1379.0,4.250438,1.740948
1382.0,3.620074,1.423637
1385.0,4.05407,1.705623
1387.0,2.932596,0.991057
1388.0,3.708837,1.446505
1389.0,5.73478,2.560697
1390.0,3.532736,1.399496
1391.0,2.610123,0.991057
1395.0,4.344812,1.812069
1396.0,4.136747,1.599709
1397.0,3.578525,1.223345
1398.0,3.957684,1.273096
1399.0,3.449275,1.612489
1400.0,4.089892,1.663886
1401.0,4.366661,1.917958
1403.0,6.030114,2.660096
1404.0,3.19911,1.259158
1405.0,4.898761,2.236179
1406.0,2.904758,0.991057
1407.0,4.498233,2.312735
1408.0,4.099969,1.975963
1409.0,5.066374,2.325207
1410.0,3.24971,1.18441
1411.0,3.024487,1.223345
1412.0,4.342111,1.838409
1413.0,3.198253,1.259158
1415.0,4.020051,1.700496
1417.0,6.875179,3.156339
1418.0,2.545245,0.991057
1419.0,5.383236,2.427504
1420.0,6.351477,2.953178
1421.0,3.799206,1.505391
1424.0,3.921187,1.576965
1425.0,5.43106,2.37544
1426.0,3.90062,1.599709
1427.0,3.328779,1.399496
1428.0,4.141647,1.599709
